iter	Logloss
0	0.6003128297
1	0.523568682
2	0.4599458612
3	0.406383904
4	0.3601502345
5	0.3203722889
6	0.2861410793
7	0.2561082116
8	0.2298419471
9	0.2067753955
